,id,name,state_id,country_id,latitude,longitude
0,56307,Kabupaten Aceh Barat,1822,102,4.45000000,96.16667000
1,56761,Kota Langsa,1822,102,4.47000000,97.93000000
2,56309,Kabupaten Aceh Besar,1822,102,5.38333000,95.51667000
3,56317,Kabupaten Aceh Utara,1822,102,4.97000000,97.14000000
4,56313,Kabupaten Aceh Tamiang,1822,102,4.25000000,97.96667000
5,56552,Kabupaten Nagan Raya,1822,102,4.16667000,96.51667000
6,56314,Kabupaten Aceh Tengah,1822,102,4.51000000,96.85500000
7,56353,Kabupaten Bener Meriah,1822,102,4.73015000,96.86156000
8,56308,Kabupaten Aceh Barat Daya,1822,102,3.83333000,96.88333000
9,56593,Kabupaten Pidie,1822,102,5.08000000,96.11000000
10,56315,Kabupaten Aceh Tenggara,1822,102,3.36667000,97.70000000
11,56310,Kabupaten Aceh Jaya,1822,102,4.86000000,95.64000000
12,56362,Kabupaten Bireuen,1822,102,5.08333000,96.58333000
13,56634,Kabupaten Simeulue,1822,102,2.61667000,96.08333000
14,56762,Kota Lhokseumawe,1822,102,5.13333000,97.06667000
15,56316,Kabupaten Aceh Timur,1822,102,4.63333000,97.63333000
16,56311,Kabupaten Aceh Selatan,1822,102,3.16667000,97.41667000
17,56408,Kabupaten Gayo Lues,1822,102,3.95000000,97.39000000
18,56729,Kota Banda Aceh,1822,102,5.54167000,95.33333000
19,56791,Kota Sabang,1822,102,5.87944000,95.33223000
20,56312,Kabupaten Aceh Singkil,1822,102,2.41667000,97.91667000
21,56800,Kota Subulussalam,1822,102,2.75000000,97.93333000
22,56322,Kabupaten Badung,1826,102,-8.51667000,115.20000000
23,56334,Kabupaten Bangli,1826,102,-8.28333000,115.35000000
24,56750,Kota Denpasar,1826,102,-8.66667000,115.21663000
25,56438,Kabupaten Karang Asem,1826,102,-8.38910000,115.53930000
26,56379,Kabupaten Buleleng,1826,102,-8.25000000,114.96667000
27,56409,Kabupaten Gianyar,1826,102,-8.46667000,115.28333000
28,56460,Kabupaten Klungkung,1826,102,-8.55000000,115.40000000
29,56658,Kabupaten Tabanan,1826,102,-8.43333000,115.06667000
30,56431,Kabupaten Jembrana,1826,102,-8.30000000,114.66667000
31,56666,Kabupaten Tangerang,1810,102,-6.20000000,106.46667000
32,56796,Kota Serang,1810,102,-6.12563000,106.14999000
33,56491,Kabupaten Lebak,1810,102,-6.65000000,106.21667000
34,56574,Kabupaten Pandeglang,1810,102,-6.63333000,105.75000000
35,56806,Kota Tangerang Selatan,1810,102,-6.29373000,106.71244000
36,56747,Kota Cilegon,1810,102,-6.01667000,106.01667000
37,56805,Kota Tangerang,1810,102,-6.17944000,106.62991000
38,56623,Kabupaten Serang,1810,102,-6.15000000,106.00000000
39,56357,Kabupaten Bengkulu Utara,1793,102,-3.33333000,102.05000000
40,56355,Kabupaten Bengkulu Selatan,1793,102,-4.35000000,103.03333000
41,56609,Kabupaten Rejang Lebong,1793,102,-3.43333000,102.71667000
42,56449,Kabupaten Kepahiang,1793,102,-3.60194000,102.56424000
43,56619,Kabupaten Seluma,1793,102,-3.96644000,102.47429000
44,56739,Kota Bengkulu,1793,102,-3.81667000,102.31667000
45,56544,Kabupaten Mukomuko,1793,102,-3.07438000,101.54766000
46,56492,Kabupaten Lebong,1793,102,-3.24278000,102.33490000
47,56444,Kabupaten Kaur,1793,102,-4.78179000,103.36109000
48,56356,Kabupaten Bengkulu Tengah,1793,102,-3.20679000,102.12616000
49,56637,Kabupaten Sleman,1829,102,-7.68167000,110.32333000
50,56338,Kabupaten Bantul,1829,102,-7.90000000,110.36667000
51,56816,Kota Yogyakarta,1829,102,-7.80000000,110.37500000
52,56414,Kabupaten Gunung Kidul,1829,102,-7.98333000,110.61667000
53,56473,Kabupaten Kulon Progo,1829,102,-7.64500000,110.02694000
54,56724,Kota Administrasi Jakarta Selatan,1805,102,-6.26600000,106.81350000
55,56725,Kota Administrasi Jakarta Timur,1805,102,-6.25210000,106.88400000
56,56722,Kota Administrasi Jakarta Barat,1805,102,-6.16760000,106.76730000
57,56723,Kota Administrasi Jakarta Pusat,1805,102,-6.17770000,106.84030000
58,56726,Kota Administrasi Jakarta Utara,1805,102,-6.13390000,106.88230000
59,56365,Kabupaten Boalemo,1812,102,0.62689000,122.35680000
60,56410,Kabupaten Gorontalo,1812,102,0.57280000,122.23370000
61,56595,Kabupaten Pohuwato,1812,102,0.70980000,121.59582000
62,56375,Kabupaten Bone Bolango,1812,102,0.50296000,123.27501000
63,56411,Kabupaten Gorontalo Utara,1812,102,0.77000000,122.31667000
64,56753,Kota Gorontalo,1812,102,0.53333000,123.10000000
65,56347,Kabupaten Batang Hari,1815,102,-1.75000000,103.11667000
66,56382,Kabupaten Bungo,1815,102,-1.50222000,101.96000000
67,56618,Kabupaten Sarolangun,1815,102,-2.30000000,102.65000000
68,56532,Kabupaten Merangin,1815,102,-2.06933000,102.13303000
69,56669,Kabupaten Tanjung Jabung Timur,1815,102,-1.13198000,103.61755000
70,56755,Kota Jambi,1815,102,-1.61667000,103.65000000
71,56668,Kabupaten Tanjung Jabung Barat,1815,102,-1.15440000,103.24402000
72,56675,Kabupaten Tebo,1815,102,-1.45576000,102.37473000
73,56543,Kabupaten Muaro Jambi,1815,102,-1.55214000,103.82163000
74,56802,Kota Sungai Penuh,1815,102,-2.10896000,101.32175000
75,56458,Kabupaten Kerinci,1815,102,-2.03333000,101.53333000
76,56324,Kabupaten Bandung,1825,102,-7.10000000,107.60000000
77,56809,Kota Tasikmalaya,1825,102,-7.35000000,108.21667000
78,56426,Kabupaten Indramayu,1825,102,-6.45000000,108.16667000
79,56731,Kota Bandung,1825,102,-6.91750000,107.62444000
80,56440,Kabupaten Karawang,1825,102,-6.26667000,107.41667000
81,56732,Kota Banjar,1825,102,-7.36996000,108.53209000
82,56474,Kabupaten Kuningan,1825,102,-7.00000000,108.55000000
83,56738,Kota Bekasi,1825,102,-6.28333000,106.98333000
84,56325,Kabupaten Bandung Barat,1825,102,-6.83333000,107.48333000
85,56744,Kota Bogor,1825,102,-6.59167000,106.80000000
86,56508,Kabupaten Majalengka,1825,102,-6.81667000,108.28333000
87,56349,Kabupaten Bekasi,1825,102,-6.24667000,107.10833000
88,56748,Kota Cimahi,1825,102,-6.89167000,107.55000000
89,56366,Kabupaten Bogor,1825,102,-6.58333000,106.71667000
90,56575,Kabupaten Pangandaran,1825,102,-7.66730000,108.64037000
91,56749,Kota Cirebon,1825,102,-6.75000000,108.55000000
92,56390,Kabupaten Ciamis,1825,102,-7.28333000,108.41667000
93,56606,Kabupaten Purwakarta,1825,102,-6.58333000,107.45000000
94,56644,Kabupaten Subang,1825,102,-6.50833000,107.70250000
95,56391,Kabupaten Cianjur,1825,102,-6.77250000,107.08306000
96,56751,Kota Depok,1825,102,-6.40000000,106.81667000
97,56801,Kota Sukabumi,1825,102,-6.95000000,106.93333000
98,56645,Kabupaten Sukabumi,1825,102,-7.06667000,106.70000000
99,56654,Kabupaten Sumedang,1825,102,-6.81667000,107.98333000
100,56393,Kabupaten Cirebon,1825,102,-6.80000000,108.56667000
101,56674,Kabupaten Tasikmalaya,1825,102,-7.50000000,108.13333000
102,56407,Kabupaten Garut,1825,102,-7.38333000,107.76667000
103,56336,Kabupaten Banjarnegara,1802,102,-7.35111000,109.58750000
104,56692,Kabupaten Wonogiri,1802,102,-7.91667000,111.00000000
105,56459,Kabupaten Klaten,1802,102,-7.68333000,110.61667000
106,56339,Kabupaten Banyumas,1802,102,-7.45000000,109.16667000
107,56693,Kabupaten Wonosobo,1802,102,-7.36139000,109.92667000
108,56472,Kabupaten Kudus,1802,102,-6.80000000,110.86667000
109,56346,Kabupaten Batang,1802,102,-7.03333000,109.88333000
110,56505,Kabupaten Magelang,1802,102,-7.42750000,110.16194000
111,56765,Kota Magelang,1802,102,-7.50000000,110.22500000
112,56364,Kabupaten Blora,1802,102,-7.06667000,111.38333000
113,56786,Kota Pekalongan,1802,102,-6.90000000,109.68333000
114,56583,Kabupaten Pati,1802,102,-6.76667000,111.10000000
115,56792,Kota Salatiga,1802,102,-7.33278000,110.48333000
116,56377,Kabupaten Boyolali,1802,102,-7.50000000,110.70000000
117,56585,Kabupaten Pekalongan,1802,102,-7.03190000,109.62400000
118,56587,Kabupaten Pemalang,1802,102,-7.03333000,109.40000000
119,56795,Kota Semarang,1802,102,-7.03333000,110.38333000
120,56378,Kabupaten Brebes,1802,102,-7.05000000,108.90000000
121,56605,Kabupaten Purbalingga,1802,102,-7.28417000,109.35028000
122,56392,Kabupaten Cilacap,1802,102,-7.57417000,108.98861000
123,56804,Kota Surakarta,1802,102,-7.55000000,110.81667000
124,56397,Kabupaten Demak,1802,102,-6.89930000,110.61220000
125,56607,Kabupaten Purworejo,1802,102,-7.70000000,109.96667000
126,56811,Kota Tegal,1802,102,-6.86860000,109.11290000
127,56413,Kabupaten Grobogan,1802,102,-7.11667000,110.91667000
128,56610,Kabupaten Rembang,1802,102,-6.78333000,111.46667000
129,56620,Kabupaten Semarang,1802,102,-7.20667000,110.44139000
130,56643,Kabupaten Sragen,1802,102,-7.41278000,110.93500000
131,56433,Kabupaten Jepara,1802,102,-6.58333000,110.76667000
132,56647,Kabupaten Sukoharjo,1802,102,-7.68333000,110.83333000
133,56439,Kabupaten Karanganyar,1802,102,-7.62806000,111.06250000
134,56676,Kabupaten Tegal,1802,102,-7.03333000,109.16667000
135,56445,Kabupaten Kebumen,1802,102,-7.63917000,109.66056000
136,56679,Kabupaten Temanggung,1802,102,-7.25000000,110.11667000
137,56448,Kabupaten Kendal,1802,102,-7.02560000,110.16850000
138,56333,Kabupaten Bangkalan,1827,102,-7.05000000,112.93333000
139,56736,Kota Batu,1827,102,-7.83272000,112.53751000
140,56582,Kabupaten Pasuruan,1827,102,-7.73333000,112.83333000
141,56373,Kabupaten Bondowoso,1827,102,-7.94040000,113.98340000
142,56340,Kabupaten Banyuwangi,1827,102,-8.33333000,114.20000000
143,56597,Kabupaten Ponorogo,1827,102,-7.93333000,111.50000000
144,56743,Kota Blitar,1827,102,-8.10000000,112.16667000
145,56363,Kabupaten Blitar,1827,102,-8.13333000,112.25000000
146,56600,Kabupaten Probolinggo,1827,102,-7.86667000,113.31667000
147,56757,Kota Kediri,1827,102,-7.83333000,112.01667000
148,56367,Kabupaten Bojonegoro,1827,102,-7.25000000,111.80000000
149,56764,Kota Madiun,1827,102,-7.63333000,111.53333000
150,56616,Kabupaten Sampang,1827,102,-7.05000000,113.25000000
151,56767,Kota Malang,1827,102,-7.97500000,112.63333000
152,56629,Kabupaten Sidoarjo,1827,102,-7.45000000,112.70000000
153,56430,Kabupaten Jember,1827,102,-8.25000000,113.65000000
154,56636,Kabupaten Situbondo,1827,102,-7.71667000,114.05000000
155,56772,Kota Mojokerto,1827,102,-7.46667000,112.43333000
156,56434,Kabupaten Jombang,1827,102,-7.55000000,112.25000000
157,56655,Kabupaten Sumenep,1827,102,-7.11667000,114.33333000
158,56784,Kota Pasuruan,1827,102,-7.65000000,112.90000000
159,56446,Kabupaten Kediri,1827,102,-7.83333000,112.16667000
160,56685,Kabupaten Trenggalek,1827,102,-8.16667000,111.61667000
161,56790,Kota Probolinggo,1827,102,-7.78333000,113.21667000
162,56483,Kabupaten Lamongan,1827,102,-7.13333000,112.31667000
163,56686,Kabupaten Tuban,1827,102,-6.96667000,111.90000000
164,56500,Kabupaten Lumajang,1827,102,-8.11667000,113.15000000
165,56803,Kota Surabaya,1827,102,-7.26667000,112.71667000
166,56504,Kabupaten Madiun,1827,102,-7.61667000,111.65000000
167,56688,Kabupaten Tulungagung,1827,102,-8.11667000,111.91667000
168,56506,Kabupaten Magetan,1827,102,-7.64472000,111.35917000
169,56511,Kabupaten Malang,1827,102,-8.16667000,112.66667000
170,56540,Kabupaten Mojokerto,1827,102,-7.55000000,112.50000000
171,56557,Kabupaten Nganjuk,1827,102,-7.60000000,111.93333000
172,56558,Kabupaten Ngawi,1827,102,-7.47444000,111.33444000
173,56568,Kabupaten Pacitan,1827,102,-8.13333000,111.16667000
174,56573,Kabupaten Pamekasan,1827,102,-7.06667000,113.50000000
175,56341,Kabupaten Barito Kuala,1819,102,-3.08333000,114.61667000
176,56421,Kabupaten Hulu Sungai Tengah,1819,102,-2.61667000,115.41667000
177,56468,Kabupaten Kota Baru,1819,102,-3.00000000,116.00000000
178,56673,Kabupaten Tapin,1819,102,-2.91667000,115.03333000
179,56323,Kabupaten Balangan,1819,102,-2.32314000,115.62922000
180,56734,Kota Banjarmasin,1819,102,-3.32444000,114.59102000
181,56663,Kabupaten Tanah Bumbu,1819,102,-3.45413000,115.70372000
182,56733,Kota Banjar Baru,1819,102,-3.41667000,114.83333000
183,56657,Kabupaten Tabalong,1819,102,-1.88333000,115.50000000
184,56422,Kabupaten Hulu Sungai Utara,1819,102,-2.45000000,115.13333000
185,56665,Kabupaten Tanah Laut,1819,102,-3.88333000,114.86667000
186,56420,Kabupaten Hulu Sungai Selatan,1819,102,-2.75000000,115.20000000
187,56335,Kabupaten Banjar,1819,102,-3.31667000,115.08333000
188,56342,Kabupaten Barito Selatan,1794,102,-1.86667000,114.73333000
189,56415,Kabupaten Gunung Mas,1794,102,-0.95000000,113.50000000
190,56482,Kabupaten Lamandau,1794,102,-1.83828000,111.28690000
191,56469,Kabupaten Kotawaringin Barat,1794,102,-2.40000000,111.73333000
192,56646,Kabupaten Sukamara,1794,102,-2.62675000,111.23681000
193,56601,Kabupaten Pulang Pisau,1794,102,-3.11858000,113.86230000
194,56343,Kabupaten Barito Timur,1794,102,-1.93333000,115.10000000
195,56547,Kabupaten Murung Raya,1794,102,-0.01667000,114.26667000
196,56625,Kabupaten Seruyan,1794,102,-2.33333000,112.25000000
197,56437,Kabupaten Kapuas,1794,102,-2.01667000,114.38333000
198,56777,Kota Palangka Raya,1794,102,-1.76979000,113.73126000
199,56470,Kabupaten Kotawaringin Timur,1794,102,-2.08333000,112.75000000
200,56344,Kabupaten Barito Utara,1794,102,-0.98333000,115.10000000
201,56443,Kabupaten Katingan,1794,102,-2.06667000,113.40000000
202,56358,Kabupaten Berau,1804,102,2.00000000,117.30000000
203,56478,Kabupaten Kutai Timur,1804,102,1.03769000,117.83112000
204,56728,Kota Balikpapan,1804,102,-1.16667000,116.88333000
205,56476,Kabupaten Kutai Barat,1804,102,-0.59417000,115.51575000
206,56581,Kabupaten Paser,1804,102,-1.43517000,116.23535000
207,56793,Kota Samarinda,1804,102,-0.43333000,117.18333000
208,56507,Kabupaten Mahakam Hulu,1804,102,0.37822000,115.38048000
209,56477,Kabupaten Kutai Kartanegara,1804,102,-0.44019000,116.98139000
210,56588,Kabupaten Penajam Paser Utara,1804,102,-1.25000000,116.83333000
211,56745,Kota Bontang,1804,102,0.12526000,117.49603000
212,56381,Kabupaten Bulungan,1824,102,3.00000000,117.16667000
213,56562,Kabupaten Nunukan,1824,102,4.13333000,116.70000000
214,56512,Kabupaten Malinau,1824,102,2.45000000,115.68333000
215,56661,Kabupaten Tana Tidung,1824,102,3.55000000,117.25000000
216,56329,Kabupaten Bangka,1820,102,-1.91667000,105.93333000
217,56331,Kabupaten Bangka Selatan,1820,102,-2.66803000,106.01257000
218,56781,Kota Pangkal Pinang,1820,102,-2.13333000,106.13333000
219,56350,Kabupaten Belitung,1820,102,-2.86667000,107.70000000
220,56332,Kabupaten Bangka Tengah,1820,102,-2.33989000,106.11420000
221,56351,Kabupaten Belitung Timur,1820,102,-2.96270000,108.15216000
222,56330,Kabupaten Bangka Barat,1820,102,-1.95839000,105.53741000
223,56361,Kabupaten Bintan,1807,102,0.95000000,104.61944000
224,56450,Kabupaten Kepulauan Anambas,1807,102,3.00000000,106.00000000
225,56554,Kabupaten Natuna,1807,102,4.71417000,107.97639000
226,56735,Kota Batam,1807,102,1.05211000,104.02851000
227,56495,Kabupaten Lingga,1807,102,0.20000000,104.61667000
228,56808,Kota Tanjung Pinang,1807,102,0.91683000,104.44329000
229,56441,Kabupaten Karimun,1807,102,0.80764000,103.41911000
230,56486,Kabupaten Lampung Tengah,1811,102,-4.86667000,105.26667000
231,56484,Kabupaten Lampung Barat,1811,102,-5.14904000,104.19309000
232,56534,Kabupaten Mesuji,1811,102,-4.04390000,105.40130000
233,56691,Kabupaten Way Kanan,1811,102,-4.44705000,104.52753000
234,56591,Kabupaten Pesisir Barat,1811,102,-5.19323000,103.93976000
235,56667,Kabupaten Tanggamus,1811,102,-5.38508000,104.62349000
236,56771,Kota Metro,1811,102,-5.11856000,105.29949000
237,56590,Kabupaten Pesawaran,1811,102,-5.42980000,105.17899000
238,56485,Kabupaten Lampung Selatan,1811,102,-5.45310000,104.98770000
239,56599,Kabupaten Pringsewu,1811,102,-5.42211000,104.93454000
240,56687,Kabupaten Tulangbawang,1811,102,-4.20604000,105.57999000
241,56730,Kota Bandar Lampung,1811,102,-5.41667000,105.25000000
242,56487,Kabupaten Lampung Timur,1811,102,-5.10273000,105.68003000
243,56817,Kotabumi,1811,102,-4.82505000,104.88170000
244,56488,Kabupaten Lampung Utara,1811,102,-4.81667000,104.80000000
245,56384,Kabupaten Buru,1800,102,-3.32767000,126.68413000
246,56451,Kabupaten Kepulauan Aru,1800,102,-6.17059000,134.46991000
247,56514,Kabupaten Maluku Tengah,1800,102,-3.29167000,128.96750000
248,56516,Kabupaten Maluku Tenggara Barat,1800,102,-7.61186000,131.38000000
249,56815,Kota Tual,1800,102,-5.64301000,132.74935000
250,56622,Kabupaten Seram Bagian Timur,1800,102,-3.39851000,130.39167000
251,56385,Kabupaten Buru Selatan,1800,102,-3.52187000,126.59271000
252,56515,Kabupaten Maluku Tenggara,1800,102,-5.75000000,132.73333000
253,56727,Kota Ambon,1800,102,-3.70000000,128.18333000
254,56513,Kabupaten Maluku Barat Daya,1800,102,-7.82960000,126.17386000
255,56621,Kabupaten Seram Bagian Barat,1800,102,-3.10270000,128.42996000
256,56416,Kabupaten Halmahera Barat,1801,102,1.41709000,127.55264000
257,56419,Kabupaten Halmahera Utara,1801,102,1.73194000,128.00778000
258,56417,Kabupaten Halmahera Selatan,1801,102,-0.39550000,127.90833000
259,56812,Kota Ternate,1801,102,0.89618000,127.31016000
260,56602,Kabupaten Pulau Morotai,1801,102,2.19924000,128.40546000
261,56455,Kabupaten Kepulauan Sula,1801,102,-1.86460000,125.69046000
262,56603,Kabupaten Pulau Taliabu,1801,102,-1.84578000,124.78992000
263,56418,Kabupaten Halmahera Tengah,1801,102,0.48056000,128.25000000
264,56813,Kota Tidore Kepulauan,1801,102,0.60962000,127.56981000
265,56497,Kabupaten Lombok Tengah,1814,102,-8.70000000,116.30000000
266,56769,Kota Mataram,1814,102,-8.58330000,116.11670000
267,56360,Kabupaten Bima,1814,102,-8.60000000,118.61667000
268,56652,Kabupaten Sumbawa,1814,102,-8.74390000,117.33240000
269,56498,Kabupaten Lombok Timur,1814,102,-8.53333000,116.53333000
270,56400,Kabupaten Dompu,1814,102,-8.50940000,118.48160000
271,56653,Kabupaten Sumbawa Barat,1814,102,-8.75159000,116.92132000
272,56499,Kabupaten Lombok Utara,1814,102,-8.35214000,116.40152000
273,56740,Kota Bima,1814,102,-8.46728000,118.75259000
274,56496,Kabupaten Lombok Barat,1814,102,-8.69583000,116.11667000
275,56648,Kabupaten Sumba Barat,1818,102,-9.56667000,119.45000000
276,56524,Kabupaten Manggarai,1818,102,-8.56667000,120.41667000
277,56556,Kabupaten Ngada,1818,102,-8.66667000,121.00000000
278,56319,Kabupaten Alor,1818,102,-8.30000000,124.56667000
279,56406,Kabupaten Flores Timur,1818,102,-8.24224000,122.96817000
280,56760,Kota Kupang,1818,102,-10.21667000,123.60000000
281,56680,Kabupaten Timor Tengah Selatan,1818,102,-9.83333000,124.40000000
282,56649,Kabupaten Sumba Barat Daya,1818,102,-9.56216000,119.08905000
283,56525,Kabupaten Manggarai Barat,1818,102,-8.64484000,119.88281000
284,56613,Kabupaten Rote Ndao,1818,102,-10.73617000,123.12054000
285,56681,Kabupaten Timor Tengah Utara,1818,102,-9.33136000,124.51904000
286,56352,Kabupaten Belu,1818,102,-9.41258000,124.95066000
287,56475,Kabupaten Kupang,1818,102,-9.91667000,123.83333000
288,56650,Kabupaten Sumba Tengah,1818,102,-9.62941000,119.61914000
289,56526,Kabupaten Manggarai Timur,1818,102,-8.55533000,120.59761000
290,56614,Kabupaten Sabu Raijua,1818,102,-10.56286000,121.78894000
291,56493,Kabupaten Lembata,1818,102,-8.41396000,123.55225000
292,56403,Kabupaten Ende,1818,102,-8.84056000,121.66389000
293,56651,Kabupaten Sumba Timur,1818,102,-9.88333000,120.25000000
294,56632,Kabupaten Sikka,1818,102,-8.66667000,122.36667000
295,56553,Kabupaten Nagekeo,1818,102,-8.87210000,121.20963000
296,56510,Kabupaten Malaka,1818,102,-9.56320000,124.89481000
297,56321,Kabupaten Asmat,1798,102,-5.37950000,138.46344000
298,56427,Kabupaten Intan Jaya,1798,102,-3.41016000,136.70837000
299,56529,Kabupaten Mappi,1798,102,-6.49971000,139.34441000
300,56555,Kabupaten Nduga,1798,102,-4.45093000,138.10089000
301,56359,Kabupaten Biak Numfor,1798,102,-1.03333000,136.00000000
302,56617,Kabupaten Sarmi,1798,102,-2.41667000,139.08333000
303,56457,Kabupaten Kepulauan Yapen,1798,102,-1.78773000,136.27716000
304,56694,Kabupaten Yahukimo,1798,102,-4.60403000,139.58405000
305,56533,Kabupaten Merauke,1798,102,-7.66667000,139.66667000
306,56428,Kabupaten Jayapura,1798,102,-3.00000000,139.95000000
307,56656,Kabupaten Supiori,1798,102,-0.73881000,135.61111000
308,56695,Kabupaten Yalimo,1798,102,-3.86037000,138.47305000
309,56376,Kabupaten Boven Digoel,1798,102,-5.70519000,140.36349000
310,56683,Kabupaten Tolikara,1798,102,-3.42661000,137.41699000
311,56535,Kabupaten Mimika,1798,102,-4.54357000,136.56555000
312,56429,Kabupaten Jayawijaya,1798,102,-4.08333000,139.08333000
313,56756,Kota Jayapura,1798,102,-2.64647000,140.77779000
314,56395,Kabupaten Deiyai,1798,102,-3.94737000,135.95032000
315,56577,Kabupaten Paniai,1798,102,-3.90000000,136.60000000
316,56690,Kabupaten Waropen,1798,102,-2.28600000,137.01837000
317,56551,Kabupaten Nabire,1798,102,-3.54016000,135.55511000
318,56399,Kabupaten Dogiyai,1798,102,-4.03186000,135.43945000
319,56584,Kabupaten Pegunungan Bintang,1798,102,-4.52167000,140.29541000
320,56447,Kabupaten Keerom,1798,102,-3.30000000,140.61667000
321,56490,Kabupaten Lanny Jaya,1798,102,-3.91244000,138.28766000
322,56604,Kabupaten Puncak Jaya,1798,102,-3.67241000,137.43896000
323,56518,Kabupaten Mamberamo Raya,1798,102,-2.23561000,137.78229000
324,56519,Kabupaten Mamberamo Tengah,1798,102,-2.46064000,138.45245000
325,56660,Kabupaten Tambrauw,1799,102,-0.60515000,132.48962000
326,56527,Kabupaten Manokwari,1799,102,-0.90000000,133.75000000
327,56405,Kabupaten Fakfak,1799,102,-2.92641000,132.29608000
328,56531,Kabupaten Maybrat,1799,102,-1.21550000,132.35092000
329,56641,Kabupaten Sorong,1799,102,-1.16667000,131.50000000
330,56678,Kabupaten Teluk Wondama,1799,102,-2.70000000,134.50000000
331,56608,Kabupaten Raja Ampat,1799,102,-0.50000000,130.00000000
332,56677,Kabupaten Teluk Bintuni,1799,102,-1.88037000,133.33105000
333,56435,Kabupaten Kaimana,1799,102,-3.66093000,133.77451000
334,56799,Kota Sorong,1799,102,-0.86507000,131.25152000
335,56642,Kabupaten Sorong Selatan,1799,102,-1.50495000,132.28638000
336,56528,Kabupaten Manokwari Selatan,1799,102,-1.07980000,133.96729000
337,56611,Kabupaten Rokan Hilir,1809,102,2.16599000,100.82514000
338,56424,Kabupaten Indragiri Hilir,1809,102,-0.33333000,103.16667000
339,56471,Kabupaten Kuantan Singingi,1809,102,-0.47532000,101.45857000
340,56354,Kabupaten Bengkalis,1809,102,0.98380000,102.50960000
341,56436,Kabupaten Kampar,1809,102,0.23440000,101.21310000
342,56787,Kota Pekanbaru,1809,102,0.53333000,101.46667000
343,56626,Kabupaten Siak,1809,102,0.97453000,102.01355000
344,56612,Kabupaten Rokan Hulu,1809,102,0.88333000,100.48333000
345,56586,Kabupaten Pelalawan,1809,102,0.20822000,102.18607000
346,56425,Kabupaten Indragiri Hulu,1809,102,-0.55000000,102.31667000
347,56752,Kota Dumai,1809,102,1.61592000,101.49170000
348,56453,Kabupaten Kepulauan Meranti,1809,102,0.97488000,102.69539000
349,56509,Kabupaten Majene,1817,102,-3.15000000,118.86667000
350,56521,Kabupaten Mamuju Tengah,1817,102,-2.82120000,119.26620000
351,56522,Kabupaten Mamuju Utara,1817,102,-1.51639000,119.42139000
352,56520,Kabupaten Mamuju,1817,102,-2.50000000,119.41667000
353,56596,Kabupaten Polewali Mandar,1817,102,-3.30000000,119.16667000
354,56517,Kabupaten Mamasa,1817,102,-2.96492000,119.30631000
355,56337,Kabupaten Bantaeng,1795,102,-5.48333000,119.98333000
356,56502,Kabupaten Luwu Timur,1795,102,-2.50957000,120.39780000
357,56404,Kabupaten Enrekang,1795,102,-3.50000000,119.86667000
358,56594,Kabupaten Pinrang,1795,102,-3.61667000,119.60000000
359,56766,Kota Makassar,1795,102,-5.15000000,119.45000000
360,56659,Kabupaten Takalar,1795,102,-5.41667000,119.51667000
361,56628,Kabupaten Sidenreng Rappang,1795,102,-3.85000000,119.96667000
362,56503,Kabupaten Luwu Utara,1795,102,-2.60000000,120.25000000
363,56662,Kabupaten Tana Toraja,1795,102,-3.00240000,119.79655000
364,56779,Kota Palopo,1795,102,-2.97841000,120.11078000
365,56412,Kabupaten Gowa,1795,102,-5.31667000,119.75000000
366,56635,Kabupaten Sinjai,1795,102,-5.21667000,120.15000000
367,56530,Kabupaten Maros,1795,102,-5.05000000,119.71667000
368,56684,Kabupaten Toraja Utara,1795,102,-2.92738000,119.79218000
369,56782,Kota Parepare,1795,102,-4.03333000,119.65000000
370,56640,Kabupaten Soppeng,1795,102,-4.38420000,119.89000000
371,56432,Kabupaten Jeneponto,1795,102,-5.63333000,119.73333000
372,56345,Kabupaten Barru,1795,102,-4.43333000,119.68333000
373,56689,Kabupaten Wajo,1795,102,-4.00000000,120.16667000
374,56374,Kabupaten Bone,1795,102,-4.70000000,120.13333000
375,56501,Kabupaten Luwu,1795,102,-2.55770000,121.32420000
376,56380,Kabupaten Bulukumba,1795,102,-5.41667000,120.23333000
377,56576,Kabupaten Pangkajene Dan Kepulauan,1795,102,-4.78270000,119.55060000
378,56328,Kabupaten Banggai Laut,1813,102,-1.61841000,123.49388000
379,56326,Kabupaten Banggai,1813,102,-0.91141000,122.71836000
380,56578,Kabupaten Parigi Moutong,1813,102,0.33680000,120.17841000
381,56401,Kabupaten Donggala,1813,102,-0.58333000,119.85000000
382,56780,Kota Palu,1813,102,-0.86972000,119.90000000
383,56630,Kabupaten Sigi,1813,102,-1.38500000,119.96694000
384,56383,Kabupaten Buol,1813,102,1.04656000,121.36867000
385,56682,Kabupaten Toli-Toli,1813,102,1.30862000,120.88643000
386,56541,Kabupaten Morowali Utara,1813,102,-1.72070000,121.24649000
387,56598,Kabupaten Poso,1813,102,-1.65000000,120.50000000
388,56327,Kabupaten Banggai Kepulauan,1813,102,-1.30236000,123.03726000
389,56372,Kabupaten Bombana,1796,102,-4.62570000,121.81641000
390,56546,Kabupaten Muna Barat,1796,102,-4.83333000,122.48333000
391,56462,Kabupaten Kolaka Timur,1796,102,-4.01807000,121.86172000
392,56388,Kabupaten Buton Tengah,1796,102,-5.31667000,122.33333000
393,56465,Kabupaten Konawe Kepulauan,1796,102,-4.11656000,123.10181000
394,56467,Kabupaten Konawe Utara,1796,102,-3.41552000,121.99081000
395,56758,Kota Kendari,1796,102,-3.98333000,122.50000000
396,56737,Kota Baubau,1796,102,-5.47700000,122.61660000
397,56389,Kabupaten Buton Utara,1796,102,-5.01457000,122.93015000
398,56463,Kabupaten Kolaka Utara,1796,102,-3.10452000,121.12427000
399,56386,Kabupaten Buton,1796,102,-5.31667000,122.91667000
400,56545,Kabupaten Muna,1796,102,-4.96667000,122.66667000
401,56466,Kabupaten Konawe Selatan,1796,102,-4.19191000,122.44854000
402,56461,Kabupaten Kolaka,1796,102,-4.08333000,121.66667000
403,56464,Kabupaten Konawe,1796,102,-3.91717000,122.08823000
404,56387,Kabupaten Buton Selatan,1796,102,-5.56667000,122.70000000
405,56371,Kabupaten Bolaang Mongondow Utara,1808,102,0.78527000,123.41766000
406,56539,Kabupaten Minahasa Utara,1808,102,1.40250000,124.96000000
407,56536,Kabupaten Minahasa,1808,102,1.25370000,124.83000000
408,56742,Kota Bitung,1808,102,1.48333000,125.15000000
409,56368,Kabupaten Bolaang Mongondow,1808,102,0.75000000,124.08333000
410,56768,Kota Manado,1808,102,1.51667000,124.88333000
411,56454,Kabupaten Kepulauan Sangihe,1808,102,3.50000000,125.55000000
412,56369,Kabupaten Bolaang Mongondow Selatan,1808,102,0.40912000,123.75961000
413,56627,Kabupaten Siau Tagulandang Biaro,1808,102,2.11728000,125.37512000
414,56759,Kota Kotamobagu,1808,102,0.68915000,124.32678000
415,56537,Kabupaten Minahasa Selatan,1808,102,1.21291000,124.59708000
416,56814,Kota Tomohon,1808,102,1.31307000,124.83404000
417,56456,Kabupaten Kepulauan Talaud,1808,102,4.31178000,126.78085000
418,56370,Kabupaten Bolaang Mongondow Timur,1808,102,0.72073000,124.50256000
419,56538,Kabupaten Minahasa Tenggara,1808,102,1.05633000,124.79250000
420,56580,Kabupaten Pasaman Barat,1828,102,0.28152000,99.51965000
421,56494,Kabupaten Lima Puluh Kota,1828,102,-0.01680000,100.58720000
422,56798,Kota Solok,1828,102,-0.76667000,100.61667000
423,56318,Kabupaten Agam,1828,102,-0.25000000,100.16667000
424,56638,Kabupaten Solok,1828,102,-0.96667000,100.81667000
425,56746,Kota Bukittinggi,1828,102,-0.27500000,100.37500000
426,56783,Kota Pariaman,1828,102,-0.62682000,100.12047000
427,56592,Kabupaten Pesisir Selatan,1828,102,-1.58333000,100.85000000
428,56639,Kabupaten Solok Selatan,1828,102,-1.23333000,101.41700000
429,56571,Kabupaten Padang Pariaman,1828,102,-0.60000000,100.28333000
430,56785,Kota Payakumbuh,1828,102,-0.23333000,100.63333000
431,56398,Kabupaten Dharmasraya,1828,102,-1.05000000,101.36700000
432,56773,Kota Padang,1828,102,-0.98333000,100.45000000
433,56664,Kabupaten Tanah Datar,1828,102,-0.45550000,100.57710000
434,56631,Kabupaten Sijunjung,1828,102,-1.18270000,101.60560000
435,56794,Kota Sawah Lunto,1828,102,-0.60000000,100.75000000
436,56452,Kabupaten Kepulauan Mentawai,1828,102,1.98917000,99.51889000
437,56579,Kabupaten Pasaman,1828,102,0.42503000,99.94606000
438,56774,Kota Padang Panjang,1828,102,-0.45000000,100.43333000
439,56402,Kabupaten Empat Lawang,1816,102,3.22667000,99.09256000
440,56548,Kabupaten Musi Banyuasin,1816,102,-2.41667000,103.75000000
441,56566,Kabupaten Ogan Komering Ulu Selatan,1816,102,-4.65728000,104.00659000
442,56763,Kota Lubuklinggau,1816,102,-3.29308000,102.85503000
443,56563,Kabupaten Ogan Ilir,1816,102,-3.43186000,104.62727000
444,56789,Kota Prabumulih,1816,102,-3.46202000,104.22290000
445,56542,Kabupaten Muara Enim,1816,102,-4.23270000,103.61410000
446,56567,Kabupaten Ogan Komering Ulu Timur,1816,102,-3.85679000,104.75209000
447,56549,Kabupaten Musi Rawas,1816,102,-3.08333000,103.20000000
448,56550,Kabupaten Musi Rawas Utara,1816,102,-2.48533000,103.29346000
449,56564,Kabupaten Ogan Komering Ilir,1816,102,-3.36667000,105.36667000
450,56589,Kabupaten Penukal Abab Lematang Ilir,1816,102,-3.21342000,104.08722000
451,56565,Kabupaten Ogan Komering Ulu,1816,102,-4.13333000,104.03333000
452,56776,Kota Pagar Alam,1816,102,-4.13055000,103.26822000
453,56778,Kota Palembang,1816,102,-3.00000000,104.71667000
454,56741,Kota Binjai,1792,102,3.80000000,108.23333000
455,56481,Kabupaten Labuhan Batu Utara,1792,102,2.33349000,99.63776000
456,56320,Kabupaten Asahan,1792,102,2.78333000,99.55000000
457,56572,Kabupaten Pakpak Bharat,1792,102,2.56667000,98.28333000
458,56810,Kota Tebing Tinggi,1792,102,3.32500000,99.14167000
459,56489,Kabupaten Langkat,1792,102,3.71667000,98.21667000
460,56754,Kota Gunungsitoli,1792,102,1.32731000,97.55018000
461,56615,Kabupaten Samosir,1792,102,2.64025000,98.71525000
462,56523,Kabupaten Mandailing Natal,1792,102,0.78378000,99.25495000
463,56770,Kota Medan,1792,102,3.65000000,98.66667000
464,56624,Kabupaten Serdang Bedagai,1792,102,3.36667000,99.03333000
465,56348,Kabupaten Batu Bara,1792,102,3.16166000,99.52652000
466,56559,Kabupaten Nias,1792,102,1.03333000,97.76667000
467,56633,Kabupaten Simalungun,1792,102,2.90000000,99.00000000
468,56394,Kabupaten Dairi,1792,102,2.86667000,98.23333000
469,56560,Kabupaten Nias Barat,1792,102,1.05966000,97.58606000
470,56775,Kota Padangsidimpuan,1792,102,1.37375000,99.26843000
471,56396,Kabupaten Deli Serdang,1792,102,3.41667000,98.66667000
472,56561,Kabupaten Nias Utara,1792,102,1.33037000,97.31964000
473,56788,Kota Pematang Siantar,1792,102,2.96667000,99.05000000
474,56670,Kabupaten Tapanuli Selatan,1792,102,1.51667000,99.25000000
475,56423,Kabupaten Humbang Hasundutan,1792,102,2.26551000,98.50376000
476,56569,Kabupaten Padang Lawas,1792,102,1.44684000,99.99207000
477,56797,Kota Sibolga,1792,102,1.73333000,98.80000000
478,56671,Kabupaten Tapanuli Tengah,1792,102,1.90000000,98.66667000
479,56570,Kabupaten Padang Lawas Utara,1792,102,1.46011000,99.67346000
480,56442,Kabupaten Karo,1792,102,3.11667000,98.30000000
481,56807,Kota Tanjung Balai,1792,102,2.95833000,99.79167000
482,56672,Kabupaten Tapanuli Utara,1792,102,2.00280000,99.07070000
483,56479,Kabupaten Labuhan Batu,1792,102,2.26667000,100.10000000
484,56480,Kabupaten Labuhan Batu Selatan,1792,102,1.98300000,100.09760000
